Actual GRFPeak,Linear Regression Prediction,Random Forest Prediction
2.7,2.5464055316635497,2.6879859208399983
3.8,3.100023913726946,2.85024820564
